model,task_id,format,length,total_score,judge1,judge2,judge3,word_count,latency_s
qwen_397b,e-code-01,markdown,short,33.5,0,0,0,553,0
qwen_397b,e-code-01,xml,short,33.5,0,0,0,469,0
qwen_397b,e-code-01,json,short,15.5,0,0,0,0,0
qwen_397b,e-code-01,yaml,short,34.5,0,0,0,441,0
qwen_397b,e-code-01,hybrid,short,33.0,0,0,0,404,0
qwen_397b,e-code-01,text,medium,34.5,0,0,0,216,0
qwen_397b,e-code-01,markdown,medium,34.0,0,0,0,252,0
qwen_397b,e-code-01,xml,medium,34.5,0,0,0,247,0
qwen_397b,e-code-01,json,medium,34.0,0,0,0,339,0
qwen_397b,e-code-01,yaml,medium,33.5,0,0,0,268,0
qwen_397b,e-code-01,hybrid,medium,33.5,0,0,0,249,0
qwen_397b,e-code-01,text,long,15.5,0,0,0,0,0
qwen_397b,e-code-01,markdown,long,19.0,0,0,0,63,0
qwen_397b,e-code-01,xml,long,18.0,0,0,0,0,0
qwen_397b,e-code-01,json,long,18.0,0,0,0,0,0
qwen_397b,e-code-01,yaml,long,31.0,0,0,0,567,0
qwen_397b,e-code-01,hybrid,long,33.5,0,0,0,534,0
gemini_3.1_pro,e-code-01,text,short,33.0,0,0,0,603,0
gemini_3.1_pro,e-code-01,markdown,short,33.5,0,0,0,515,0
gemini_3.1_pro,e-code-01,xml,short,32.5,0,0,0,555,0
gemini_3.1_pro,e-code-01,json,short,35.0,0,0,0,499,0
gemini_3.1_pro,e-code-01,yaml,short,33.0,0,0,0,578,0
gemini_3.1_pro,e-code-01,hybrid,short,33.5,0,0,0,594,0
gemini_3.1_pro,e-code-01,text,medium,32.5,0,0,0,327,0
gemini_3.1_pro,e-code-01,markdown,medium,33.0,0,0,0,322,0
gemini_3.1_pro,e-code-01,xml,medium,32.5,0,0,0,299,0
gemini_3.1_pro,e-code-01,json,medium,32.5,0,0,0,361,0
gemini_3.1_pro,e-code-01,yaml,medium,32.0,0,0,0,342,0
gemini_3.1_pro,e-code-01,hybrid,medium,34.0,0,0,0,332,0
gemini_3.1_pro,e-code-01,text,long,33.0,0,0,0,336,0
gemini_3.1_pro,e-code-01,markdown,long,31.5,0,0,0,592,0
gemini_3.1_pro,e-code-01,xml,long,35.0,0,0,0,594,0
gemini_3.1_pro,e-code-01,json,long,35.5,0,0,0,570,0
gemini_3.1_pro,e-code-01,yaml,long,33.0,0,0,0,583,0
gemini_3.1_pro,e-code-01,hybrid,long,29.0,0,0,0,532,0
claude_sonnet_4.6,e-code-01,text,short,29.5,0,0,0,1030,0
claude_sonnet_4.6,e-code-01,markdown,short,34.5,0,0,0,510,0
claude_sonnet_4.6,e-code-01,xml,short,35.0,0,0,0,522,0
claude_sonnet_4.6,e-code-01,json,short,34.0,0,0,0,701,0
claude_sonnet_4.6,e-code-01,yaml,short,25.5,0,0,0,980,0
claude_sonnet_4.6,e-code-01,hybrid,short,34.5,0,0,0,749,0
claude_sonnet_4.6,e-code-01,text,medium,36.0,0,0,0,607,0
claude_sonnet_4.6,e-code-01,markdown,medium,37.5,0,0,0,325,0
claude_sonnet_4.6,e-code-01,xml,medium,35.0,0,0,0,431,0
claude_sonnet_4.6,e-code-01,json,medium,34.5,0,0,0,407,0
claude_sonnet_4.6,e-code-01,yaml,medium,34.5,0,0,0,402,0
claude_sonnet_4.6,e-code-01,hybrid,medium,35.5,0,0,0,305,0
claude_sonnet_4.6,e-code-01,text,long,31.5,0,0,0,1045,0
claude_sonnet_4.6,e-code-01,markdown,long,34.5,0,0,0,665,0
claude_sonnet_4.6,e-code-01,xml,long,33.5,0,0,0,599,0
claude_sonnet_4.6,e-code-01,json,long,35.0,0,0,0,753,0
claude_sonnet_4.6,e-code-01,yaml,long,33.5,0,0,0,770,0
claude_sonnet_4.6,e-code-01,hybrid,long,33.5,0,0,0,727,0
nemotron_120b,e-code-01,text,short,35.5,0,0,0,664,0
nemotron_120b,e-code-01,markdown,short,34.5,0,0,0,419,0
nemotron_120b,e-code-01,xml,short,30.0,0,0,0,544,0
nemotron_120b,e-code-01,json,short,30.75,0,0,0,652,0
nemotron_120b,e-code-01,yaml,short,34.0,0,0,0,396,0
nemotron_120b,e-code-01,hybrid,short,33.0,0,0,0,570,0
nemotron_120b,e-code-01,text,medium,35.0,0,0,0,374,0
nemotron_120b,e-code-01,markdown,medium,35.0,0,0,0,351,0
nemotron_120b,e-code-01,xml,medium,37.0,0,0,0,256,0
nemotron_120b,e-code-01,json,medium,37.0,0,0,0,267,0
nemotron_120b,e-code-01,yaml,medium,34.0,0,0,0,326,0
nemotron_120b,e-code-01,hybrid,medium,36.5,0,0,0,263,0
nemotron_120b,e-code-01,text,long,35.0,0,0,0,547,0
nemotron_120b,e-code-01,markdown,long,34.0,0,0,0,456,0
nemotron_120b,e-code-01,xml,long,37.0,0,0,0,440,0
nemotron_120b,e-code-01,json,long,34.5,0,0,0,416,0
nemotron_120b,e-code-01,yaml,long,27.0,0,0,0,793,0
nemotron_120b,e-code-01,hybrid,long,32.5,0,0,0,416,0
qwen_397b,e-code-02,text,short,27.0,0,0,0,233,0
qwen_397b,e-code-02,markdown,short,32.5,0,0,0,319,0
qwen_397b,e-code-02,markdown,medium,24.5,0,0,0,288,0
gemini_3.1_pro,e-code-02,text,short,32.0,0,0,0,447,0
gemini_3.1_pro,e-code-02,markdown,short,32.5,0,0,0,389,0
gemini_3.1_pro,e-code-02,xml,short,33.0,0,0,0,386,0
gemini_3.1_pro,e-code-02,json,short,31.0,0,0,0,540,0
gemini_3.1_pro,e-code-02,yaml,short,34.0,0,0,0,532,0
gemini_3.1_pro,e-code-02,hybrid,short,31.0,0,0,0,456,0
gemini_3.1_pro,e-code-02,text,medium,26.0,0,0,0,266,0
gemini_3.1_pro,e-code-02,markdown,medium,27.0,0,0,0,260,0
gemini_3.1_pro,e-code-02,xml,medium,25.5,0,0,0,232,0
gemini_3.1_pro,e-code-02,json,medium,29.5,0,0,0,283,0
gemini_3.1_pro,e-code-02,yaml,medium,25.5,0,0,0,274,0
gemini_3.1_pro,e-code-02,hybrid,medium,27.5,0,0,0,242,0
gemini_3.1_pro,e-code-02,text,long,25.0,0,0,0,637,0
gemini_3.1_pro,e-code-02,markdown,long,27.5,0,0,0,639,0
gemini_3.1_pro,e-code-02,xml,long,24.5,0,0,0,772,0
gemini_3.1_pro,e-code-02,json,long,27.5,0,0,0,630,0
gemini_3.1_pro,e-code-02,yaml,long,28.0,0,0,0,609,0
gemini_3.1_pro,e-code-02,hybrid,long,28.0,0,0,0,576,0
claude_sonnet_4.6,e-code-02,text,short,35.0,0,0,0,422,0
claude_sonnet_4.6,e-code-02,markdown,short,35.5,0,0,0,314,0
claude_sonnet_4.6,e-code-02,xml,short,34.5,0,0,0,485,0
claude_sonnet_4.6,e-code-02,json,short,35.0,0,0,0,329,0
claude_sonnet_4.6,e-code-02,yaml,short,34.5,0,0,0,378,0
claude_sonnet_4.6,e-code-02,hybrid,short,32.5,0,0,0,441,0
claude_sonnet_4.6,e-code-02,text,medium,25.5,0,0,0,552,0
claude_sonnet_4.6,e-code-02,markdown,medium,30.5,0,0,0,451,0
claude_sonnet_4.6,e-code-02,xml,medium,35.5,0,0,0,305,0
claude_sonnet_4.6,e-code-02,json,medium,35.0,0,0,0,287,0
claude_sonnet_4.6,e-code-02,yaml,medium,26.0,0,0,0,552,0
claude_sonnet_4.6,e-code-02,hybrid,medium,29.0,0,0,0,555,0
claude_sonnet_4.6,e-code-02,text,long,19.5,0,0,0,1566,0
claude_sonnet_4.6,e-code-02,markdown,long,21.0,0,0,0,1362,0
claude_sonnet_4.6,e-code-02,xml,long,26.5,0,0,0,1016,0
claude_sonnet_4.6,e-code-02,json,long,19.0,0,0,0,1254,0
claude_sonnet_4.6,e-code-02,yaml,long,33.0,0,0,0,605,0
claude_sonnet_4.6,e-code-02,hybrid,long,18.5,0,0,0,1193,0
nemotron_120b,e-code-02,text,short,36.0,0,0,0,176,0
nemotron_120b,e-code-02,markdown,short,37.0,0,0,0,149,0
nemotron_120b,e-code-02,xml,short,37.0,0,0,0,34,0
nemotron_120b,e-code-02,json,short,35.0,0,0,0,97,0
nemotron_120b,e-code-02,yaml,short,37.0,0,0,0,153,0
nemotron_120b,e-code-02,hybrid,short,36.5,0,0,0,143,0
nemotron_120b,e-code-02,text,medium,35.5,0,0,0,139,0
nemotron_120b,e-code-02,markdown,medium,37.0,0,0,0,140,0
nemotron_120b,e-code-02,xml,medium,37.0,0,0,0,108,0
nemotron_120b,e-code-02,json,medium,37.5,0,0,0,97,0
nemotron_120b,e-code-02,yaml,medium,37.0,0,0,0,113,0
nemotron_120b,e-code-02,hybrid,medium,33.0,0,0,0,127,0
nemotron_120b,e-code-02,text,long,35.5,0,0,0,346,0
nemotron_120b,e-code-02,markdown,long,36.0,0,0,0,244,0
nemotron_120b,e-code-02,xml,long,36.5,0,0,0,179,0
nemotron_120b,e-code-02,json,long,33.0,0,0,0,298,0
nemotron_120b,e-code-02,yaml,long,33.0,0,0,0,245,0
nemotron_120b,e-code-02,hybrid,long,30.5,0,0,0,366,0
qwen_397b,e-code-03,text,short,34.5,0,0,0,297,0
qwen_397b,e-code-03,markdown,short,33.0,0,0,0,378,0
qwen_397b,e-code-03,xml,short,34.0,0,0,0,510,0
qwen_397b,e-code-03,json,short,34.0,0,0,0,422,0
qwen_397b,e-code-03,yaml,short,34.0,0,0,0,276,0
qwen_397b,e-code-03,hybrid,short,33.5,0,0,0,605,0
qwen_397b,e-code-03,markdown,medium,20.0,0,0,0,0,0
qwen_397b,e-code-03,xml,long,20.0,0,0,0,0,0
gemini_3.1_pro,e-code-03,text,short,35.0,0,0,0,517,0
gemini_3.1_pro,e-code-03,markdown,short,22.0,0,0,0,92,0
gemini_3.1_pro,e-code-03,xml,short,35.5,0,0,0,516,0
gemini_3.1_pro,e-code-03,json,short,35.0,0,0,0,581,0
gemini_3.1_pro,e-code-03,yaml,short,23.0,0,0,0,91,0
gemini_3.1_pro,e-code-03,hybrid,short,35.5,0,0,0,541,0
gemini_3.1_pro,e-code-03,text,medium,34.5,0,0,0,255,0
gemini_3.1_pro,e-code-03,markdown,medium,35.5,0,0,0,322,0
gemini_3.1_pro,e-code-03,xml,medium,35.5,0,0,0,314,0
gemini_3.1_pro,e-code-03,json,medium,34.5,0,0,0,317,0
gemini_3.1_pro,e-code-03,yaml,medium,18.5,0,0,0,78,0
gemini_3.1_pro,e-code-03,hybrid,medium,36.5,0,0,0,334,0
gemini_3.1_pro,e-code-03,text,long,27.5,0,0,0,315,0
gemini_3.1_pro,e-code-03,markdown,long,33.0,0,0,0,464,0
gemini_3.1_pro,e-code-03,xml,long,35.5,0,0,0,657,0
gemini_3.1_pro,e-code-03,json,long,34.5,0,0,0,576,0
gemini_3.1_pro,e-code-03,yaml,long,34.5,0,0,0,539,0
gemini_3.1_pro,e-code-03,hybrid,long,33.0,0,0,0,474,0
claude_sonnet_4.6,e-code-03,text,short,35.0,0,0,0,741,0
claude_sonnet_4.6,e-code-03,markdown,short,35.5,0,0,0,805,0
claude_sonnet_4.6,e-code-03,xml,short,35.0,0,0,0,723,0
claude_sonnet_4.6,e-code-03,json,short,36.5,0,0,0,677,0
claude_sonnet_4.6,e-code-03,yaml,short,35.5,0,0,0,572,0
claude_sonnet_4.6,e-code-03,hybrid,short,33.0,0,0,0,859,0
claude_sonnet_4.6,e-code-03,text,medium,37.0,0,0,0,399,0
claude_sonnet_4.6,e-code-03,markdown,medium,35.5,0,0,0,449,0
claude_sonnet_4.6,e-code-03,xml,medium,34.5,0,0,0,722,0
claude_sonnet_4.6,e-code-03,json,medium,35.0,0,0,0,534,0
claude_sonnet_4.6,e-code-03,yaml,medium,34.75,0,0,0,410,0
claude_sonnet_4.6,e-code-03,hybrid,medium,35.0,0,0,0,421,0
claude_sonnet_4.6,e-code-03,text,long,35.0,0,0,0,806,0
claude_sonnet_4.6,e-code-03,markdown,long,34.75,0,0,0,661,0
claude_sonnet_4.6,e-code-03,xml,long,34.0,0,0,0,725,0
claude_sonnet_4.6,e-code-03,json,long,31.5,0,0,0,1104,0
claude_sonnet_4.6,e-code-03,yaml,long,34.0,0,0,0,649,0
claude_sonnet_4.6,e-code-03,hybrid,long,35.5,0,0,0,703,0
nemotron_120b,e-code-03,text,short,34.5,0,0,0,487,0
nemotron_120b,e-code-03,markdown,short,31.0,0,0,0,718,0
nemotron_120b,e-code-03,xml,short,29,0,0,0,670,0
nemotron_120b,e-code-03,json,short,33.0,0,0,0,443,0
nemotron_120b,e-code-03,yaml,short,33.0,0,0,0,470,0
nemotron_120b,e-code-03,hybrid,short,35.5,0,0,0,452,0
nemotron_120b,e-code-03,text,medium,36.0,0,0,0,347,0
nemotron_120b,e-code-03,markdown,medium,36.0,0,0,0,297,0
nemotron_120b,e-code-03,xml,medium,37.5,0,0,0,238,0
nemotron_120b,e-code-03,json,medium,32.5,0,0,0,392,0
nemotron_120b,e-code-03,yaml,medium,37.0,0,0,0,363,0
nemotron_120b,e-code-03,hybrid,medium,39.0,0,0,0,332,0
nemotron_120b,e-code-03,text,long,36.5,0,0,0,387,0
qwen_397b,e-write-01,hybrid,short,36.5,0,0,0,198,0
gemini_3.1_pro,e-write-01,text,short,12.5,0,0,0,449,0
gemini_3.1_pro,e-write-01,markdown,short,15.5,0,0,0,406,0
gemini_3.1_pro,e-write-01,xml,short,21.0,0,0,0,770,0
gemini_3.1_pro,e-write-01,json,short,16.5,0,0,0,497,0
gemini_3.1_pro,e-write-01,yaml,short,26.0,0,0,0,656,0
gemini_3.1_pro,e-write-01,hybrid,short,22.5,0,0,0,345,0
gemini_3.1_pro,e-write-01,text,medium,23.0,0,0,0,447,0
gemini_3.1_pro,e-write-01,markdown,medium,25.0,0,0,0,405,0
gemini_3.1_pro,e-write-01,xml,medium,24.5,0,0,0,425,0
gemini_3.1_pro,e-write-01,json,medium,22.0,0,0,0,436,0
gemini_3.1_pro,e-write-01,yaml,medium,23.0,0,0,0,430,0
gemini_3.1_pro,e-write-01,hybrid,medium,24.0,0,0,0,386,0
gemini_3.1_pro,e-write-01,text,long,16.0,0,0,0,933,0
gemini_3.1_pro,e-write-01,markdown,long,22.0,0,0,0,796,0
gemini_3.1_pro,e-write-01,xml,long,25.0,0,0,0,586,0
gemini_3.1_pro,e-write-01,json,long,18.0,0,0,0,689,0
gemini_3.1_pro,e-write-01,yaml,long,16.0,0,0,0,862,0
gemini_3.1_pro,e-write-01,hybrid,long,14.0,0,0,0,812,0
claude_sonnet_4.6,e-write-01,text,short,34.0,0,0,0,325,0
claude_sonnet_4.6,e-write-01,markdown,short,37.0,0,0,0,277,0
claude_sonnet_4.6,e-write-01,xml,short,20.0,0,0,0,658,0
claude_sonnet_4.6,e-write-01,json,short,37.0,0,0,0,303,0
claude_sonnet_4.6,e-write-01,yaml,short,36.0,0,0,0,300,0
claude_sonnet_4.6,e-write-01,hybrid,short,36.5,0,0,0,322,0
claude_sonnet_4.6,e-write-01,text,medium,33.5,0,0,0,337,0
claude_sonnet_4.6,e-write-01,markdown,medium,26.5,0,0,0,595,0
claude_sonnet_4.6,e-write-01,xml,medium,13.0,0,0,0,193,0
claude_sonnet_4.6,e-write-01,json,medium,17.5,0,0,0,203,0
claude_sonnet_4.6,e-write-01,yaml,medium,25.5,0,0,0,636,0
claude_sonnet_4.6,e-write-01,hybrid,medium,13.0,0,0,0,1320,0
claude_sonnet_4.6,e-write-01,text,long,10.0,0,0,0,1583,0
claude_sonnet_4.6,e-write-01,markdown,long,16.0,0,0,0,926,0
claude_sonnet_4.6,e-write-01,xml,long,15.0,0,0,0,178,0
claude_sonnet_4.6,e-write-01,json,long,16.0,0,0,0,184,0
claude_sonnet_4.6,e-write-01,yaml,long,15.5,0,0,0,165,0
claude_sonnet_4.6,e-write-01,hybrid,long,16.0,0,0,0,194,0
qwen_397b,e-write-02,text,short,35.5,0,0,0,166,0
qwen_397b,e-write-02,markdown,short,37.0,0,0,0,213,0
qwen_397b,e-write-02,xml,short,35.0,0,0,0,141,0
qwen_397b,e-write-02,json,short,36.0,0,0,0,151,0
qwen_397b,e-write-02,hybrid,short,35.5,0,0,0,231,0
qwen_397b,e-write-02,markdown,medium,18.0,0,0,0,0,0
qwen_397b,e-write-02,xml,medium,22.5,0,0,0,437,0
qwen_397b,e-write-02,json,medium,21.0,0,0,0,439,0
qwen_397b,e-write-02,text,long,10.0,0,0,0,132,0
qwen_397b,e-write-02,markdown,long,13.5,0,0,0,133,0
qwen_397b,e-write-02,xml,long,18.0,0,0,0,0,0
qwen_397b,e-write-02,yaml,long,22.0,0,0,0,762,0
gemini_3.1_pro,e-write-02,text,short,21.0,0,0,0,666,0
gemini_3.1_pro,e-write-02,markdown,short,22.0,0,0,0,823,0
gemini_3.1_pro,e-write-02,xml,short,15.5,0,0,0,647,0
gemini_3.1_pro,e-write-02,json,short,22.5,0,0,0,643,0
gemini_3.1_pro,e-write-02,yaml,short,21.5,0,0,0,572,0
gemini_3.1_pro,e-write-02,hybrid,short,18.5,0,0,0,631,0
gemini_3.1_pro,e-write-02,text,medium,20.5,0,0,0,403,0
gemini_3.1_pro,e-write-02,markdown,medium,24.0,0,0,0,414,0
gemini_3.1_pro,e-write-02,xml,medium,18.0,0,0,0,439,0
gemini_3.1_pro,e-write-02,json,medium,20.5,0,0,0,435,0
gemini_3.1_pro,e-write-02,yaml,medium,19.5,0,0,0,490,0
gemini_3.1_pro,e-write-02,hybrid,medium,20.0,0,0,0,454,0
gemini_3.1_pro,e-write-02,text,long,12.0,0,0,0,149,0
gemini_3.1_pro,e-write-02,markdown,long,22.0,0,0,0,822,0
gemini_3.1_pro,e-write-02,xml,long,20.5,0,0,0,927,0
gemini_3.1_pro,e-write-02,json,long,19.0,0,0,0,879,0
gemini_3.1_pro,e-write-02,yaml,long,19.0,0,0,0,935,0
gemini_3.1_pro,e-write-02,hybrid,long,22.5,0,0,0,898,0
claude_sonnet_4.6,e-write-02,text,short,26.5,0,0,0,1572,0
claude_sonnet_4.6,e-write-02,markdown,short,20.5,0,0,0,891,0
claude_sonnet_4.6,e-write-02,xml,short,17.5,0,0,0,242,0
claude_sonnet_4.6,e-write-02,json,short,32.75,0,0,0,442,0
claude_sonnet_4.6,e-write-02,yaml,short,15.5,0,0,0,160,0
claude_sonnet_4.6,e-write-02,hybrid,short,28.0,0,0,0,1303,0
claude_sonnet_4.6,e-write-02,text,medium,16.0,0,0,0,181,0
claude_sonnet_4.6,e-write-02,markdown,medium,28.5,0,0,0,636,0
claude_sonnet_4.6,e-write-02,xml,medium,16.0,0,0,0,159,0
claude_sonnet_4.6,e-write-02,json,medium,18.5,0,0,0,198,0
claude_sonnet_4.6,e-write-02,yaml,medium,12.5,0,0,0,163,0
claude_sonnet_4.6,e-write-02,hybrid,medium,18.5,0,0,0,164,0
claude_sonnet_4.6,e-write-02,text,long,15.5,0,0,0,210,0
claude_sonnet_4.6,e-write-02,markdown,long,15.5,0,0,0,207,0
claude_sonnet_4.6,e-write-02,xml,long,16.5,0,0,0,185,0
claude_sonnet_4.6,e-write-02,json,long,15.5,0,0,0,197,0
claude_sonnet_4.6,e-write-02,yaml,long,15.5,0,0,0,204,0
claude_sonnet_4.6,e-write-02,hybrid,long,15.5,0,0,0,167,0
nemotron_120b,e-write-02,text,short,32.5,0,0,0,475,0
nemotron_120b,e-write-02,markdown,short,35.5,0,0,0,205,0
nemotron_120b,e-write-02,xml,short,36.5,0,0,0,191,0
nemotron_120b,e-write-02,json,short,35.5,0,0,0,247,0
nemotron_120b,e-write-02,yaml,short,34.0,0,0,0,408,0
nemotron_120b,e-write-02,hybrid,short,36.5,0,0,0,224,0
nemotron_120b,e-write-02,text,medium,34.5,0,0,0,331,0
nemotron_120b,e-write-02,markdown,medium,35.5,0,0,0,241,0
nemotron_120b,e-write-02,xml,medium,24.0,0,0,0,473,0
nemotron_120b,e-write-02,json,medium,21.5,0,0,0,578,0
nemotron_120b,e-write-02,yaml,medium,36.0,0,0,0,186,0
nemotron_120b,e-write-02,hybrid,medium,36.0,0,0,0,200,0
nemotron_120b,e-write-02,text,long,36.5,0,0,0,240,0
nemotron_120b,e-write-02,markdown,long,19.0,0,0,0,119,0
nemotron_120b,e-write-02,xml,long,25.0,0,0,0,672,0
nemotron_120b,e-write-02,json,long,34.5,0,0,0,492,0
nemotron_120b,e-write-02,yaml,long,31.5,0,0,0,527,0
nemotron_120b,e-write-02,hybrid,long,32.5,0,0,0,403,0
qwen_397b,e-write-03,text,short,20.0,0,0,0,0,0
qwen_397b,e-write-03,hybrid,short,19.0,0,0,0,0,0
qwen_397b,e-write-03,markdown,medium,19.0,0,0,0,0,0
qwen_397b,e-write-03,xml,medium,17.5,0,0,0,232,0
qwen_397b,e-write-03,json,medium,20.0,0,0,0,0,0
qwen_397b,e-write-03,yaml,medium,19.0,0,0,0,0,0
qwen_397b,e-write-03,hybrid,medium,19.5,0,0,0,0,0
qwen_397b,e-write-03,text,long,16.5,0,0,0,365,0
qwen_397b,e-write-03,markdown,long,18.5,0,0,0,0,0
gemini_3.1_pro,e-write-03,text,short,12.5,0,0,0,397,0
gemini_3.1_pro,e-write-03,markdown,short,19.0,0,0,0,434,0
gemini_3.1_pro,e-write-03,xml,short,13.0,0,0,0,370,0
gemini_3.1_pro,e-write-03,json,short,16.5,0,0,0,409,0
gemini_3.1_pro,e-write-03,yaml,short,17.5,0,0,0,435,0
gemini_3.1_pro,e-write-03,hybrid,short,17.5,0,0,0,401,0
gemini_3.1_pro,e-write-03,text,medium,15.5,0,0,0,434,0
gemini_3.1_pro,e-write-03,markdown,medium,16.5,0,0,0,459,0
gemini_3.1_pro,e-write-03,xml,medium,17.0,0,0,0,472,0
gemini_3.1_pro,e-write-03,json,medium,20.5,0,0,0,496,0
gemini_3.1_pro,e-write-03,yaml,medium,19.0,0,0,0,493,0
gemini_3.1_pro,e-write-03,hybrid,medium,16.5,0,0,0,512,0
gemini_3.1_pro,e-write-03,text,long,16.0,0,0,0,750,0
gemini_3.1_pro,e-write-03,markdown,long,11.5,0,0,0,824,0
gemini_3.1_pro,e-write-03,xml,long,18.0,0,0,0,798,0
gemini_3.1_pro,e-write-03,json,long,15.0,0,0,0,722,0
gemini_3.1_pro,e-write-03,yaml,long,16.0,0,0,0,685,0
gemini_3.1_pro,e-write-03,hybrid,long,16.0,0,0,0,721,0
claude_sonnet_4.6,e-write-03,text,short,34.5,0,0,0,276,0
claude_sonnet_4.6,e-write-03,markdown,short,37.5,0,0,0,196,0
claude_sonnet_4.6,e-write-03,xml,short,36.5,0,0,0,198,0
claude_sonnet_4.6,e-write-03,json,short,36.5,0,0,0,199,0
claude_sonnet_4.6,e-write-03,yaml,short,37.0,0,0,0,202,0
claude_sonnet_4.6,e-write-03,hybrid,short,36.5,0,0,0,196,0
claude_sonnet_4.6,e-write-03,text,medium,16.5,0,0,0,164,0
claude_sonnet_4.6,e-write-03,markdown,medium,16.5,0,0,0,171,0
claude_sonnet_4.6,e-write-03,xml,medium,15.5,0,0,0,200,0
claude_sonnet_4.6,e-write-03,json,medium,16.0,0,0,0,187,0
claude_sonnet_4.6,e-write-03,yaml,medium,17.5,0,0,0,187,0
claude_sonnet_4.6,e-write-03,hybrid,medium,15.5,0,0,0,183,0
claude_sonnet_4.6,e-write-03,text,long,15.5,0,0,0,195,0
claude_sonnet_4.6,e-write-03,markdown,long,16.0,0,0,0,187,0
claude_sonnet_4.6,e-write-03,xml,long,15.0,0,0,0,174,0
claude_sonnet_4.6,e-write-03,json,long,17.0,0,0,0,205,0
claude_sonnet_4.6,e-write-03,yaml,long,15.5,0,0,0,193,0
claude_sonnet_4.6,e-write-03,hybrid,long,16.0,0,0,0,198,0
nemotron_120b,e-write-03,text,short,35.0,0,0,0,197,0
nemotron_120b,e-write-03,markdown,short,35.5,0,0,0,200,0
nemotron_120b,e-write-03,xml,short,35.5,0,0,0,201,0
nemotron_120b,e-write-03,json,short,35.0,0,0,0,200,0
nemotron_120b,e-write-03,yaml,short,35.5,0,0,0,201,0
nemotron_120b,e-write-03,hybrid,short,36.0,0,0,0,260,0
nemotron_120b,e-write-03,text,medium,33.5,0,0,0,303,0
nemotron_120b,e-write-03,markdown,medium,34.0,0,0,0,200,0
nemotron_120b,e-write-03,xml,medium,34.5,0,0,0,292,0
nemotron_120b,e-write-03,json,medium,35.5,0,0,0,200,0
nemotron_120b,e-write-03,yaml,medium,35.0,0,0,0,200,0
nemotron_120b,e-write-03,markdown,long,33.0,0,0,0,200,0
nemotron_120b,e-write-03,xml,long,38.0,0,0,0,203,0
nemotron_120b,e-write-03,json,long,34.5,0,0,0,200,0
nemotron_120b,e-write-03,yaml,long,35.5,0,0,0,226,0
nemotron_120b,e-write-03,hybrid,long,26.0,0,0,0,339,0
qwen_397b,e-analy-01,text,short,35.0,0,0,0,407,0
qwen_397b,e-analy-01,markdown,short,27.5,0,0,0,551,0
qwen_397b,e-analy-01,xml,short,34.5,0,0,0,505,0
qwen_397b,e-analy-01,json,short,34.5,0,0,0,454,0
qwen_397b,e-analy-01,yaml,short,34.0,0,0,0,576,0
qwen_397b,e-analy-01,hybrid,short,35.0,0,0,0,457,0
qwen_397b,e-analy-01,text,medium,17.0,0,0,0,322,0
qwen_397b,e-analy-01,markdown,medium,20.0,0,0,0,299,0
qwen_397b,e-analy-01,xml,medium,22.0,0,0,0,256,0
qwen_397b,e-analy-01,json,medium,35.5,0,0,0,281,0
qwen_397b,e-analy-01,yaml,medium,17.5,0,0,0,306,0
qwen_397b,e-analy-01,hybrid,medium,16.5,0,0,0,294,0
qwen_397b,e-analy-01,text,long,18.5,0,0,0,972,0
qwen_397b,e-analy-01,markdown,long,2.0,0,0,0,0,0
qwen_397b,e-analy-01,xml,long,20.0,0,0,0,825,0
qwen_397b,e-analy-01,json,long,16.0,0,0,0,729,0
qwen_397b,e-analy-01,yaml,long,19.0,0,0,0,661,0
qwen_397b,e-analy-01,hybrid,long,14.0,0,0,0,651,0
gemini_3.1_pro,e-analy-01,text,short,27.0,0,0,0,801,0
gemini_3.1_pro,e-analy-01,markdown,short,19.0,0,0,0,717,0
gemini_3.1_pro,e-analy-01,xml,short,29.0,0,0,0,835,0
gemini_3.1_pro,e-analy-01,json,short,27.5,0,0,0,827,0
gemini_3.1_pro,e-analy-01,yaml,short,27.0,0,0,0,716,0
gemini_3.1_pro,e-analy-01,hybrid,short,19.5,0,0,0,723,0
gemini_3.1_pro,e-analy-01,text,medium,21.5,0,0,0,431,0
gemini_3.1_pro,e-analy-01,markdown,medium,23.5,0,0,0,359,0
gemini_3.1_pro,e-analy-01,xml,medium,20.0,0,0,0,591,0
gemini_3.1_pro,e-analy-01,json,medium,21.5,0,0,0,437,0
gemini_3.1_pro,e-analy-01,yaml,medium,21.5,0,0,0,424,0
gemini_3.1_pro,e-analy-01,hybrid,medium,19.5,0,0,0,401,0
gemini_3.1_pro,e-analy-01,text,long,17.5,0,0,0,943,0
gemini_3.1_pro,e-analy-01,markdown,long,16.0,0,0,0,566,0
gemini_3.1_pro,e-analy-01,xml,long,20.0,0,0,0,864,0
gemini_3.1_pro,e-analy-01,json,long,15.5,0,0,0,815,0
gemini_3.1_pro,e-analy-01,yaml,long,20.5,0,0,0,935,0
gemini_3.1_pro,e-analy-01,hybrid,long,20.0,0,0,0,810,0
claude_sonnet_4.6,e-analy-01,text,short,24.25,0,0,0,1276,0
claude_sonnet_4.6,e-analy-01,markdown,short,35.5,0,0,0,479,0
claude_sonnet_4.6,e-analy-01,xml,short,35.5,0,0,0,487,0
claude_sonnet_4.6,e-analy-01,json,short,34.5,0,0,0,561,0
claude_sonnet_4.6,e-analy-01,yaml,short,35.0,0,0,0,562,0
claude_sonnet_4.6,e-analy-01,hybrid,short,35.0,0,0,0,463,0
claude_sonnet_4.6,e-analy-01,text,medium,18.5,0,0,0,1278,0
claude_sonnet_4.6,e-analy-01,markdown,medium,22.0,0,0,0,704,0
claude_sonnet_4.6,e-analy-01,xml,medium,35.0,0,0,0,587,0
claude_sonnet_4.6,e-analy-01,json,medium,34.5,0,0,0,705,0
claude_sonnet_4.6,e-analy-01,yaml,medium,34.5,0,0,0,670,0
claude_sonnet_4.6,e-analy-01,hybrid,medium,34.0,0,0,0,605,0
claude_sonnet_4.6,e-analy-01,text,long,19.0,0,0,0,1447,0
claude_sonnet_4.6,e-analy-01,markdown,long,35.5,0,0,0,645,0
claude_sonnet_4.6,e-analy-01,xml,long,35.25,0,0,0,661,0
claude_sonnet_4.6,e-analy-01,json,long,35.0,0,0,0,719,0
claude_sonnet_4.6,e-analy-01,yaml,long,34.0,0,0,0,784,0
claude_sonnet_4.6,e-analy-01,hybrid,long,34.25,0,0,0,641,0
nemotron_120b,e-analy-01,text,short,34.0,0,0,0,651,0
nemotron_120b,e-analy-01,markdown,short,34.5,0,0,0,509,0
nemotron_120b,e-analy-01,xml,short,34.5,0,0,0,637,0
nemotron_120b,e-analy-01,json,short,33.5,0,0,0,720,0
nemotron_120b,e-analy-01,yaml,short,34.5,0,0,0,547,0
nemotron_120b,e-analy-01,hybrid,short,34.0,0,0,0,734,0
nemotron_120b,e-analy-01,text,medium,34.5,0,0,0,410,0
nemotron_120b,e-analy-01,markdown,medium,34.5,0,0,0,289,0
nemotron_120b,e-analy-01,xml,medium,35.0,0,0,0,337,0
nemotron_120b,e-analy-01,json,medium,35.0,0,0,0,366,0
nemotron_120b,e-analy-01,yaml,medium,35.0,0,0,0,432,0
nemotron_120b,e-analy-01,hybrid,medium,34.0,0,0,0,415,0
nemotron_120b,e-analy-01,text,long,33.5,0,0,0,570,0
nemotron_120b,e-analy-01,markdown,long,34.5,0,0,0,420,0
qwen_397b,e-analy-02,text,short,20.0,0,0,0,368,0
qwen_397b,e-analy-02,markdown,short,4.0,0,0,0,0,0
qwen_397b,e-analy-02,yaml,short,14.0,0,0,0,305,0
qwen_397b,e-analy-02,hybrid,short,4.0,0,0,0,0,0
qwen_397b,e-analy-02,text,medium,20.5,0,0,0,369,0
qwen_397b,e-analy-02,markdown,medium,22.0,0,0,0,272,0
qwen_397b,e-analy-02,xml,medium,14.0,0,0,0,420,0
qwen_397b,e-analy-02,json,medium,18.5,0,0,0,307,0
qwen_397b,e-analy-02,hybrid,medium,21.0,0,0,0,338,0
qwen_397b,e-analy-02,text,long,19.5,0,0,0,711,0
qwen_397b,e-analy-02,markdown,long,18.5,0,0,0,748,0
gemini_3.1_pro,e-analy-02,text,short,19.5,0,0,0,345,0
gemini_3.1_pro,e-analy-02,markdown,short,19.0,0,0,0,404,0
gemini_3.1_pro,e-analy-02,xml,short,19.0,0,0,0,392,0
gemini_3.1_pro,e-analy-02,json,short,22.5,0,0,0,409,0
gemini_3.1_pro,e-analy-02,yaml,short,21.5,0,0,0,484,0
gemini_3.1_pro,e-analy-02,hybrid,short,19.0,0,0,0,404,0
gemini_3.1_pro,e-analy-02,text,medium,22.5,0,0,0,330,0
gemini_3.1_pro,e-analy-02,markdown,medium,17.5,0,0,0,361,0
gemini_3.1_pro,e-analy-02,xml,medium,22.5,0,0,0,305,0
gemini_3.1_pro,e-analy-02,json,medium,22.5,0,0,0,338,0
gemini_3.1_pro,e-analy-02,yaml,medium,16.0,0,0,0,340,0
gemini_3.1_pro,e-analy-02,hybrid,medium,21.5,0,0,0,337,0
gemini_3.1_pro,e-analy-02,text,long,17.0,0,0,0,629,0
gemini_3.1_pro,e-analy-02,markdown,long,18.5,0,0,0,757,0
gemini_3.1_pro,e-analy-02,xml,long,19.5,0,0,0,589,0
gemini_3.1_pro,e-analy-02,json,long,19.0,0,0,0,599,0
gemini_3.1_pro,e-analy-02,yaml,long,20.0,0,0,0,551,0
gemini_3.1_pro,e-analy-02,hybrid,long,20.0,0,0,0,721,0
claude_sonnet_4.6,e-analy-02,text,short,33.5,0,0,0,326,0
claude_sonnet_4.6,e-analy-02,markdown,short,34.5,0,0,0,286,0
claude_sonnet_4.6,e-analy-02,xml,short,33.0,0,0,0,408,0
claude_sonnet_4.6,e-analy-02,json,short,33.0,0,0,0,318,0
claude_sonnet_4.6,e-analy-02,yaml,short,13.0,0,0,0,1293,0
claude_sonnet_4.6,e-analy-02,hybrid,short,34.5,0,0,0,277,0
claude_sonnet_4.6,e-analy-02,text,medium,21.75,0,0,0,905,0
claude_sonnet_4.6,e-analy-02,markdown,medium,20.0,0,0,0,837,0
claude_sonnet_4.6,e-analy-02,xml,medium,14.5,0,0,0,986,0
claude_sonnet_4.6,e-analy-02,json,medium,15.5,0,0,0,1203,0
claude_sonnet_4.6,e-analy-02,yaml,medium,20.5,0,0,0,1025,0
claude_sonnet_4.6,e-analy-02,hybrid,medium,15.0,0,0,0,971,0
claude_sonnet_4.6,e-analy-02,text,long,12.5,0,0,0,1305,0
claude_sonnet_4.6,e-analy-02,markdown,long,15.5,0,0,0,216,0
claude_sonnet_4.6,e-analy-02,xml,long,13.5,0,0,0,1287,0
claude_sonnet_4.6,e-analy-02,json,long,18.0,0,0,0,1275,0
claude_sonnet_4.6,e-analy-02,yaml,long,13.5,0,0,0,1348,0
claude_sonnet_4.6,e-analy-02,hybrid,long,18.0,0,0,0,1229,0
qwen_397b,e-qa-01,text,short,27.5,0,0,0,1220,0
qwen_397b,e-qa-01,markdown,short,31.0,0,0,0,986,0
qwen_397b,e-qa-01,xml,short,25.5,0,0,0,1496,0
qwen_397b,e-qa-01,json,short,26.5,0,0,0,872,0
qwen_397b,e-qa-01,yaml,short,28.5,0,0,0,1269,0
qwen_397b,e-qa-01,hybrid,short,28.0,0,0,0,1054,0
qwen_397b,e-qa-01,text,medium,24.0,0,0,0,605,0
qwen_397b,e-qa-01,markdown,medium,27.75,0,0,0,486,0
qwen_397b,e-qa-01,xml,medium,23.5,0,0,0,134,0
qwen_397b,e-qa-01,json,medium,28.25,0,0,0,596,0
qwen_397b,e-qa-01,yaml,medium,29.75,0,0,0,514,0
qwen_397b,e-qa-01,hybrid,medium,29.5,0,0,0,625,0
qwen_397b,e-qa-01,text,long,28.0,0,0,0,848,0
qwen_397b,e-qa-01,markdown,long,28.0,0,0,0,1041,0
qwen_397b,e-qa-01,yaml,long,26.5,0,0,0,932,0
qwen_397b,e-qa-01,hybrid,long,25.25,0,0,0,727,0
gemini_3.1_pro,e-qa-01,text,short,29.5,0,0,0,781,0
gemini_3.1_pro,e-qa-01,markdown,short,30.0,0,0,0,1009,0
gemini_3.1_pro,e-qa-01,xml,short,32.25,0,0,0,821,0
gemini_3.1_pro,e-qa-01,json,short,33.0,0,0,0,751,0
gemini_3.1_pro,e-qa-01,yaml,short,33.0,0,0,0,820,0
gemini_3.1_pro,e-qa-01,hybrid,short,31.5,0,0,0,823,0
gemini_3.1_pro,e-qa-01,text,medium,33.0,0,0,0,560,0
gemini_3.1_pro,e-qa-01,markdown,medium,33.0,0,0,0,563,0
gemini_3.1_pro,e-qa-01,xml,medium,34.0,0,0,0,576,0
gemini_3.1_pro,e-qa-01,json,medium,35.0,0,0,0,550,0
gemini_3.1_pro,e-qa-01,yaml,medium,31.5,0,0,0,513,0
gemini_3.1_pro,e-qa-01,hybrid,medium,30.5,0,0,0,565,0
gemini_3.1_pro,e-qa-01,text,long,30.0,0,0,0,619,0
gemini_3.1_pro,e-qa-01,markdown,long,21.0,0,0,0,979,0
gemini_3.1_pro,e-qa-01,xml,long,32.0,0,0,0,1072,0
gemini_3.1_pro,e-qa-01,json,long,24.0,0,0,0,578,0
gemini_3.1_pro,e-qa-01,yaml,long,32.5,0,0,0,638,0
gemini_3.1_pro,e-qa-01,hybrid,long,26.0,0,0,0,1002,0
claude_sonnet_4.6,e-qa-01,text,short,23.0,0,0,0,1014,0
claude_sonnet_4.6,e-qa-01,markdown,short,31.5,0,0,0,1052,0
claude_sonnet_4.6,e-qa-01,xml,short,32.0,0,0,0,1120,0
claude_sonnet_4.6,e-qa-01,json,short,29.5,0,0,0,1094,0
claude_sonnet_4.6,e-qa-01,yaml,short,31.0,0,0,0,1066,0
claude_sonnet_4.6,e-qa-01,hybrid,short,28.5,0,0,0,1088,0
claude_sonnet_4.6,e-qa-01,text,medium,28.5,0,0,0,1167,0
claude_sonnet_4.6,e-qa-01,markdown,medium,29.5,0,0,0,1091,0
claude_sonnet_4.6,e-qa-01,xml,medium,27.5,0,0,0,1271,0
claude_sonnet_4.6,e-qa-01,json,medium,29.25,0,0,0,1383,0
claude_sonnet_4.6,e-qa-01,yaml,medium,27.5,0,0,0,1061,0
claude_sonnet_4.6,e-qa-01,hybrid,medium,24.5,0,0,0,1150,0
claude_sonnet_4.6,e-qa-01,text,long,25.0,0,0,0,1319,0
claude_sonnet_4.6,e-qa-01,markdown,long,26.5,0,0,0,1306,0
claude_sonnet_4.6,e-qa-01,xml,long,23.5,0,0,0,1169,0
claude_sonnet_4.6,e-qa-01,json,long,26.0,0,0,0,1060,0
claude_sonnet_4.6,e-qa-01,yaml,long,27.0,0,0,0,1274,0
claude_sonnet_4.6,e-qa-01,hybrid,long,24.0,0,0,0,1162,0
qwen_397b,e-extract-01,json,short,27.0,0,0,0,325,0
qwen_397b,e-extract-01,hybrid,short,27.0,0,0,0,325,0
qwen_397b,e-extract-01,text,medium,24.5,0,0,0,271,0
qwen_397b,e-extract-01,json,medium,22.0,0,0,0,0,0
qwen_397b,e-extract-01,yaml,medium,16.5,0,0,0,75,0
qwen_397b,e-extract-01,hybrid,medium,22.0,0,0,0,0,0
qwen_397b,e-extract-01,text,long,7.5,0,0,0,14,0
qwen_397b,e-extract-01,json,long,22.5,0,0,0,678,0
qwen_397b,e-extract-01,yaml,long,24.0,0,0,0,686,0
qwen_397b,e-extract-01,hybrid,long,15.5,0,0,0,198,0
gemini_3.1_pro,e-extract-01,text,short,31.5,0,0,0,392,0
gemini_3.1_pro,e-extract-01,markdown,short,32.0,0,0,0,406,0
gemini_3.1_pro,e-extract-01,xml,short,31.5,0,0,0,379,0
gemini_3.1_pro,e-extract-01,json,short,31.0,0,0,0,396,0
gemini_3.1_pro,e-extract-01,yaml,short,28.5,0,0,0,426,0
gemini_3.1_pro,e-extract-01,hybrid,short,28.5,0,0,0,296,0
gemini_3.1_pro,e-extract-01,text,medium,23.5,0,0,0,343,0
gemini_3.1_pro,e-extract-01,markdown,medium,22.5,0,0,0,310,0
gemini_3.1_pro,e-extract-01,xml,medium,24.0,0,0,0,290,0
gemini_3.1_pro,e-extract-01,json,medium,25.0,0,0,0,344,0
gemini_3.1_pro,e-extract-01,yaml,medium,23.0,0,0,0,304,0
gemini_3.1_pro,e-extract-01,hybrid,medium,23.75,0,0,0,305,0
gemini_3.1_pro,e-extract-01,text,long,18.5,0,0,0,165,0
gemini_3.1_pro,e-extract-01,markdown,long,23.0,0,0,0,454,0
gemini_3.1_pro,e-extract-01,xml,long,15.5,0,0,0,81,0
gemini_3.1_pro,e-extract-01,json,long,25.0,0,0,0,449,0
gemini_3.1_pro,e-extract-01,yaml,long,25.0,0,0,0,349,0
gemini_3.1_pro,e-extract-01,hybrid,long,23.0,0,0,0,578,0
claude_sonnet_4.6,e-extract-01,text,short,29.5,0,0,0,465,0
claude_sonnet_4.6,e-extract-01,markdown,short,28.5,0,0,0,373,0
claude_sonnet_4.6,e-extract-01,xml,short,26.5,0,0,0,508,0
claude_sonnet_4.6,e-extract-01,json,short,23.5,0,0,0,510,0
claude_sonnet_4.6,e-extract-01,yaml,short,29.5,0,0,0,426,0
claude_sonnet_4.6,e-extract-01,hybrid,short,30.5,0,0,0,434,0
claude_sonnet_4.6,e-extract-01,text,medium,29.5,0,0,0,635,0
claude_sonnet_4.6,e-extract-01,markdown,medium,28.0,0,0,0,560,0
claude_sonnet_4.6,e-extract-01,xml,medium,28.5,0,0,0,467,0
claude_sonnet_4.6,e-extract-01,json,medium,32.0,0,0,0,417,0
claude_sonnet_4.6,e-extract-01,yaml,medium,27.5,0,0,0,602,0
claude_sonnet_4.6,e-extract-01,hybrid,medium,30.5,0,0,0,599,0
claude_sonnet_4.6,e-extract-01,text,long,20.0,0,0,0,1183,0
claude_sonnet_4.6,e-extract-01,markdown,long,21.5,0,0,0,1384,0
claude_sonnet_4.6,e-extract-01,xml,long,24.0,0,0,0,869,0
claude_sonnet_4.6,e-extract-01,json,long,22.0,0,0,0,1245,0
claude_sonnet_4.6,e-extract-01,yaml,long,26.5,0,0,0,917,0
claude_sonnet_4.6,e-extract-01,hybrid,long,21.5,0,0,0,1092,0
qwen_397b,e-math-01,text,short,29.5,0,0,0,549,0
qwen_397b,e-math-01,markdown,short,34.5,0,0,0,392,0
qwen_397b,e-math-01,json,short,34.0,0,0,0,370,0
qwen_397b,e-math-01,yaml,short,33.75,0,0,0,546,0
qwen_397b,e-math-01,hybrid,short,34.5,0,0,0,359,0
qwen_397b,e-math-01,text,medium,28.5,0,0,0,357,0
qwen_397b,e-math-01,markdown,medium,23.5,0,0,0,233,0
qwen_397b,e-math-01,xml,medium,27.5,0,0,0,271,0
qwen_397b,e-math-01,json,medium,26.0,0,0,0,459,0
qwen_397b,e-math-01,yaml,medium,28.5,0,0,0,351,0
qwen_397b,e-math-01,hybrid,medium,26.5,0,0,0,378,0
qwen_397b,e-math-01,text,long,26.5,0,0,0,839,0
qwen_397b,e-math-01,markdown,long,22.0,0,0,0,287,0
qwen_397b,e-math-01,xml,long,26.5,0,0,0,697,0
qwen_397b,e-math-01,json,long,32.5,0,0,0,719,0
qwen_397b,e-math-01,yaml,long,25.0,0,0,0,725,0
qwen_397b,e-math-01,hybrid,long,28.0,0,0,0,677,0
gemini_3.1_pro,e-math-01,text,short,31.5,0,0,0,433,0
gemini_3.1_pro,e-math-01,markdown,short,29.5,0,0,0,412,0
gemini_3.1_pro,e-math-01,xml,short,32.5,0,0,0,494,0
gemini_3.1_pro,e-math-01,json,short,33.0,0,0,0,487,0
gemini_3.1_pro,e-math-01,yaml,short,33.0,0,0,0,439,0
gemini_3.1_pro,e-math-01,hybrid,short,31.0,0,0,0,430,0
gemini_3.1_pro,e-math-01,text,medium,30.0,0,0,0,391,0
gemini_3.1_pro,e-math-01,markdown,medium,26.5,0,0,0,437,0
gemini_3.1_pro,e-math-01,xml,medium,30.5,0,0,0,384,0
gemini_3.1_pro,e-math-01,json,medium,28.5,0,0,0,409,0
gemini_3.1_pro,e-math-01,yaml,medium,26.0,0,0,0,391,0
gemini_3.1_pro,e-math-01,hybrid,medium,28.5,0,0,0,423,0
gemini_3.1_pro,e-math-01,text,long,30.0,0,0,0,602,0
gemini_3.1_pro,e-math-01,markdown,long,28.0,0,0,0,481,0
gemini_3.1_pro,e-math-01,xml,long,24.5,0,0,0,733,0
gemini_3.1_pro,e-math-01,json,long,28.0,0,0,0,586,0
gemini_3.1_pro,e-math-01,yaml,long,27.0,0,0,0,661,0
gemini_3.1_pro,e-math-01,hybrid,long,29.5,0,0,0,555,0
claude_sonnet_4.6,e-math-01,text,short,32.0,0,0,0,685,0
claude_sonnet_4.6,e-math-01,markdown,short,33.5,0,0,0,502,0
claude_sonnet_4.6,e-math-01,xml,short,33.0,0,0,0,551,0
claude_sonnet_4.6,e-math-01,json,short,33.0,0,0,0,545,0
claude_sonnet_4.6,e-math-01,yaml,short,34.5,0,0,0,456,0
claude_sonnet_4.6,e-math-01,hybrid,short,34.0,0,0,0,415,0
claude_sonnet_4.6,e-math-01,text,medium,30.0,0,0,0,658,0
claude_sonnet_4.6,e-math-01,markdown,medium,32.5,0,0,0,600,0
claude_sonnet_4.6,e-math-01,xml,medium,37.5,0,0,0,174,0
claude_sonnet_4.6,e-math-01,json,medium,37.5,0,0,0,115,0
claude_sonnet_4.6,e-math-01,yaml,medium,33.5,0,0,0,659,0
claude_sonnet_4.6,e-math-01,hybrid,medium,32.0,0,0,0,622,0
claude_sonnet_4.6,e-math-01,text,long,25.0,0,0,0,909,0
claude_sonnet_4.6,e-math-01,markdown,long,28.0,0,0,0,1215,0
claude_sonnet_4.6,e-math-01,xml,long,26.0,0,0,0,878,0
claude_sonnet_4.6,e-math-01,json,long,25.5,0,0,0,817,0
claude_sonnet_4.6,e-math-01,yaml,long,15.0,0,0,0,1009,0
claude_sonnet_4.6,e-math-01,hybrid,long,18.0,0,0,0,916,0
qwen_397b,e-instruct-01,text,short,38.0,0,0,0,28,0
qwen_397b,e-instruct-01,markdown,short,37.5,0,0,0,29,0
qwen_397b,e-instruct-01,xml,short,38.5,0,0,0,27,0
qwen_397b,e-instruct-01,json,short,39.0,0,0,0,27,0
qwen_397b,e-instruct-01,yaml,short,35.0,0,0,0,27,0
qwen_397b,e-instruct-01,hybrid,short,38.0,0,0,0,26,0
qwen_397b,e-instruct-01,json,medium,6.0,0,0,0,0,0
qwen_397b,e-instruct-01,yaml,long,38.0,0,0,0,36,0
gemini_3.1_pro,e-instruct-01,text,short,38.0,0,0,0,69,0
gemini_3.1_pro,e-instruct-01,markdown,short,38.5,0,0,0,66,0
gemini_3.1_pro,e-instruct-01,xml,short,38.0,0,0,0,64,0
gemini_3.1_pro,e-instruct-01,json,short,38.0,0,0,0,67,0
gemini_3.1_pro,e-instruct-01,yaml,short,38.5,0,0,0,64,0
gemini_3.1_pro,e-instruct-01,hybrid,short,38.0,0,0,0,74,0
gemini_3.1_pro,e-instruct-01,text,medium,19.5,0,0,0,251,0
gemini_3.1_pro,e-instruct-01,markdown,medium,20.5,0,0,0,208,0
gemini_3.1_pro,e-instruct-01,xml,medium,14.5,0,0,0,227,0
gemini_3.1_pro,e-instruct-01,json,medium,12.0,0,0,0,277,0
gemini_3.1_pro,e-instruct-01,yaml,medium,21.0,0,0,0,198,0
gemini_3.1_pro,e-instruct-01,hybrid,medium,16.5,0,0,0,203,0
gemini_3.1_pro,e-instruct-01,text,long,13.5,0,0,0,437,0
gemini_3.1_pro,e-instruct-01,markdown,long,7.0,0,0,0,81,0
gemini_3.1_pro,e-instruct-01,xml,long,14.0,0,0,0,296,0
gemini_3.1_pro,e-instruct-01,json,long,18.0,0,0,0,288,0
gemini_3.1_pro,e-instruct-01,yaml,long,20.5,0,0,0,174,0
gemini_3.1_pro,e-instruct-01,hybrid,long,14.0,0,0,0,357,0
claude_sonnet_4.6,e-instruct-01,text,short,37.5,0,0,0,51,0
claude_sonnet_4.6,e-instruct-01,markdown,short,38.5,0,0,0,61,0
claude_sonnet_4.6,e-instruct-01,xml,short,37.5,0,0,0,62,0
claude_sonnet_4.6,e-instruct-01,json,short,38.0,0,0,0,67,0
claude_sonnet_4.6,e-instruct-01,yaml,short,38.5,0,0,0,61,0
claude_sonnet_4.6,e-instruct-01,hybrid,short,38.5,0,0,0,61,0
claude_sonnet_4.6,e-instruct-01,text,medium,37.0,0,0,0,84,0
claude_sonnet_4.6,e-instruct-01,markdown,medium,24.5,0,0,0,301,0
claude_sonnet_4.6,e-instruct-01,xml,medium,38.0,0,0,0,85,0
claude_sonnet_4.6,e-instruct-01,json,medium,38.0,0,0,0,79,0
claude_sonnet_4.6,e-instruct-01,yaml,medium,38.5,0,0,0,72,0
claude_sonnet_4.6,e-instruct-01,hybrid,medium,38.0,0,0,0,85,0
claude_sonnet_4.6,e-instruct-01,text,long,15.0,0,0,0,222,0
claude_sonnet_4.6,e-instruct-01,markdown,long,38.0,0,0,0,99,0
claude_sonnet_4.6,e-instruct-01,xml,long,21.5,0,0,0,186,0
claude_sonnet_4.6,e-instruct-01,json,long,33.5,0,0,0,105,0
claude_sonnet_4.6,e-instruct-01,yaml,long,38.0,0,0,0,76,0
claude_sonnet_4.6,e-instruct-01,hybrid,long,19.5,0,0,0,138,0
qwen_397b,e-code-01,text,short,36.0,0,0,0,303,0
qwen_397b,e-code-02,xml,short,32.5,0,0,0,432,0
qwen_397b,e-code-02,json,short,29.5,0,0,0,139,0
qwen_397b,e-code-02,hybrid,short,33.0,0,0,0,306,0
qwen_397b,e-code-02,text,medium,14.0,0,0,0,58,0
qwen_397b,e-code-02,xml,medium,26.5,0,0,0,292,0
qwen_397b,e-code-02,json,medium,21.0,0,0,0,325,0
qwen_397b,e-code-02,markdown,long,18.5,0,0,0,395,0
qwen_397b,e-code-02,json,long,23.5,0,0,0,617,0
qwen_397b,e-code-02,yaml,long,26.0,0,0,0,716,0
qwen_397b,e-code-02,hybrid,long,24.0,0,0,0,685,0
qwen_397b,e-code-03,text,medium,20.0,0,0,0,0,0
qwen_397b,e-code-03,xml,medium,36.0,0,0,0,253,0
qwen_397b,e-code-03,json,medium,20.0,0,0,0,0,0
qwen_397b,e-code-03,hybrid,medium,34.0,0,0,0,169,0
qwen_397b,e-code-03,text,long,19.5,0,0,0,0,0
qwen_397b,e-code-03,markdown,long,20.0,0,0,0,91,0
qwen_397b,e-write-01,text,short,19.0,0,0,0,0,0
qwen_397b,e-write-01,markdown,short,19.0,0,0,0,0,0
qwen_397b,e-write-01,xml,short,36.0,0,0,0,207,0
qwen_397b,e-write-01,yaml,short,37.0,0,0,0,202,0
qwen_397b,e-write-01,xml,medium,20.0,0,0,0,398,0
qwen_397b,e-write-01,text,long,2.0,0,0,0,0,0
qwen_397b,e-write-01,xml,long,19.5,0,0,0,663,0
qwen_397b,e-write-01,json,long,18.5,0,0,0,0,0
qwen_397b,e-write-01,yaml,long,21.5,0,0,0,560,0
qwen_397b,e-write-01,hybrid,long,22.5,0,0,0,538,0
qwen_397b,e-write-02,yaml,short,37.0,0,0,0,177,0
qwen_397b,e-write-02,text,medium,19.5,0,0,0,337,0
qwen_397b,e-write-02,yaml,medium,19.5,0,0,0,345,0
qwen_397b,e-write-02,hybrid,long,19.5,0,0,0,745,0
qwen_397b,e-write-03,yaml,short,35.0,0,0,0,223,0
qwen_397b,e-write-03,json,long,16.5,0,0,0,213,0
qwen_397b,e-analy-02,xml,short,15.5,0,0,0,469,0
qwen_397b,e-analy-02,yaml,medium,22.0,0,0,0,269,0
qwen_397b,e-analy-02,xml,long,17.0,0,0,0,688,0
qwen_397b,e-analy-02,json,long,18.0,0,0,0,698,0
qwen_397b,e-analy-02,yaml,long,18.0,0,0,0,824,0
qwen_397b,e-qa-01,xml,long,25.75,0,0,0,996,0
qwen_397b,e-qa-01,json,long,26.5,0,0,0,781,0
qwen_397b,e-extract-01,text,short,15.5,0,0,0,142,0
qwen_397b,e-extract-01,yaml,short,22.0,0,0,0,0,0
qwen_397b,e-extract-01,markdown,medium,21.5,0,0,0,0,0
qwen_397b,e-extract-01,markdown,long,22.0,0,0,0,754,0
qwen_397b,e-instruct-01,markdown,medium,37.5,0,0,0,24,0
qwen_397b,e-instruct-01,xml,medium,37.0,0,0,0,24,0
qwen_397b,e-instruct-01,yaml,medium,38.0,0,0,0,24,0
nemotron_120b,e-instruct-01,text,short,36.5,0,0,0,52,0
nemotron_120b,e-instruct-01,markdown,short,35.0,0,0,0,25,0
nemotron_120b,e-instruct-01,xml,short,32.0,0,0,0,36,0
nemotron_120b,e-instruct-01,json,short,37.0,0,0,0,36,0
nemotron_120b,e-instruct-01,yaml,short,36.5,0,0,0,24,0
nemotron_120b,e-instruct-01,hybrid,short,36.5,0,0,0,26,0
nemotron_120b,e-instruct-01,text,medium,36.0,0,0,0,28,0
nemotron_120b,e-instruct-01,markdown,medium,35.0,0,0,0,32,0
nemotron_120b,e-instruct-01,xml,medium,36.0,0,0,0,55,0
nemotron_120b,e-instruct-01,json,medium,35.0,0,0,0,54,0
nemotron_120b,e-instruct-01,yaml,medium,35.0,0,0,0,27,0
nemotron_120b,e-instruct-01,hybrid,medium,30.5,0,0,0,28,0
nemotron_120b,e-instruct-01,text,long,31.0,0,0,0,54,0
nemotron_120b,e-instruct-01,markdown,long,35.0,0,0,0,28,0
nemotron_120b,e-instruct-01,xml,long,37.0,0,0,0,32,0
nemotron_120b,e-instruct-01,json,long,34.0,0,0,0,58,0
nemotron_120b,e-instruct-01,yaml,long,38.0,0,0,0,54,0
nemotron_120b,e-instruct-01,hybrid,long,36.0,0,0,0,28,0
qwen_397b,e-code-02,yaml,medium,21.0,0,0,0,311,0
qwen_397b,e-code-02,hybrid,medium,21.0,0,0,0,0,0
qwen_397b,e-code-02,text,long,16.5,0,0,0,430,0
qwen_397b,e-code-02,xml,long,24.5,0,0,0,568,0
qwen_397b,e-code-03,json,long,31.5,0,0,0,554,0
nemotron_120b,e-code-03,markdown,long,36.0,0,0,0,375,0
nemotron_120b,e-code-03,xml,long,35.0,0,0,0,546,0
nemotron_120b,e-code-03,json,long,33.5,0,0,0,342,0
nemotron_120b,e-code-03,yaml,long,32.0,0,0,0,617,0
nemotron_120b,e-code-03,hybrid,long,35.0,0,0,0,398,0
qwen_397b,e-write-01,json,short,35.5,0,0,0,242,0
qwen_397b,e-write-01,text,medium,20.0,0,0,0,305,0
qwen_397b,e-write-01,json,medium,20.0,0,0,0,336,0
nemotron_120b,e-write-01,text,short,36.5,0,0,0,178,0
nemotron_120b,e-write-01,markdown,short,35.5,0,0,0,199,0
nemotron_120b,e-write-01,xml,short,36.5,0,0,0,166,0
nemotron_120b,e-write-01,json,short,36.0,0,0,0,219,0
nemotron_120b,e-write-01,yaml,short,37.5,0,0,0,196,0
nemotron_120b,e-write-01,hybrid,short,36.0,0,0,0,190,0
nemotron_120b,e-write-01,text,medium,36.5,0,0,0,172,0
nemotron_120b,e-write-01,markdown,medium,36.0,0,0,0,183,0
nemotron_120b,e-write-01,xml,medium,36.0,0,0,0,194,0
nemotron_120b,e-write-01,json,medium,37.0,0,0,0,200,0
nemotron_120b,e-write-01,yaml,medium,36.0,0,0,0,212,0
nemotron_120b,e-write-01,hybrid,medium,36.0,0,0,0,196,0
nemotron_120b,e-write-01,text,long,35.0,0,0,0,253,0
nemotron_120b,e-write-01,markdown,long,35.0,0,0,0,264,0
nemotron_120b,e-write-01,xml,long,36.5,0,0,0,239,0
nemotron_120b,e-write-01,json,long,36.5,0,0,0,133,0
nemotron_120b,e-write-01,yaml,long,36.0,0,0,0,175,0
nemotron_120b,e-write-01,hybrid,long,22.0,0,0,0,442,0
qwen_397b,e-write-02,json,long,22.0,0,0,0,614,0
qwen_397b,e-write-03,xml,short,20.0,0,0,0,0,0
qwen_397b,e-write-03,text,medium,22.0,0,0,0,387,0
qwen_397b,e-write-03,xml,long,15.5,0,0,0,554,0
nemotron_120b,e-write-03,hybrid,medium,35.0,0,0,0,200,0
nemotron_120b,e-write-03,text,long,38.0,0,0,0,200,0
nemotron_120b,e-analy-01,xml,long,13.0,0,0,0,1029,0
nemotron_120b,e-analy-01,json,long,35.0,0,0,0,436,0
nemotron_120b,e-analy-01,yaml,long,34.5,0,0,0,541,0
nemotron_120b,e-analy-01,hybrid,long,22.5,0,0,0,414,0
qwen_397b,e-analy-02,json,short,4.0,0,0,0,0,0
qwen_397b,e-analy-02,hybrid,long,19.5,0,0,0,742,0
nemotron_120b,e-analy-02,text,short,35.0,0,0,0,108,0
nemotron_120b,e-analy-02,markdown,short,35.5,0,0,0,93,0
nemotron_120b,e-analy-02,xml,short,35.5,0,0,0,79,0
qwen_397b,e-extract-01,xml,short,20.0,0,0,0,295,0
qwen_397b,e-math-01,xml,short,34.0,0,0,0,480,0
qwen_397b,e-instruct-01,text,medium,6.0,0,0,0,0,0
qwen_397b,e-instruct-01,markdown,long,37.5,0,0,0,26,0
qwen_397b,e-code-03,yaml,medium,33.75,0,0,0,261,0
qwen_397b,e-write-01,yaml,medium,21.5,0,0,0,335,0
qwen_397b,e-write-01,hybrid,medium,22.5,0,0,0,304,0
gpt_5.4,e-code-01,text,short,36.5,0,0,0,192,0
gpt_5.4,e-code-01,markdown,short,37.0,0,0,0,181,0
gpt_5.4,e-code-01,xml,short,37.0,0,0,0,182,0
gpt_5.4,e-code-01,json,short,37.5,0,0,0,176,0
gpt_5.4,e-code-01,yaml,short,37.5,0,0,0,190,0
gpt_5.4,e-code-01,hybrid,short,37.0,0,0,0,177,0
gpt_5.4,e-code-01,text,medium,36.5,0,0,0,218,0
gpt_5.4,e-code-01,markdown,medium,35.0,0,0,0,210,0
gpt_5.4,e-code-01,xml,medium,36.0,0,0,0,216,0
gpt_5.4,e-code-01,json,medium,35.5,0,0,0,236,0
gpt_5.4,e-code-01,yaml,medium,36.0,0,0,0,225,0
gpt_5.4,e-code-01,hybrid,medium,36.5,0,0,0,183,0
gpt_5.4,e-code-01,text,long,34.5,0,0,0,319,0
gpt_5.4,e-code-01,markdown,long,33.5,0,0,0,342,0
gpt_5.4,e-code-01,xml,long,35.5,0,0,0,278,0
gpt_5.4,e-code-01,json,long,36.0,0,0,0,252,0
gpt_5.4,e-code-01,yaml,long,35.5,0,0,0,242,0
gpt_5.4,e-code-01,hybrid,long,37.5,0,0,0,254,0
qwen_397b,e-code-02,yaml,short,24.0,0,0,0,136,0
gpt_5.4,e-code-02,text,short,35.5,0,0,0,79,0
gpt_5.4,e-code-02,markdown,short,36.0,0,0,0,76,0
gpt_5.4,e-code-02,xml,short,35.5,0,0,0,78,0
gpt_5.4,e-code-02,json,short,36.0,0,0,0,75,0
gpt_5.4,e-code-02,yaml,short,35.5,0,0,0,78,0
gpt_5.4,e-code-02,hybrid,short,35.5,0,0,0,79,0
gpt_5.4,e-code-02,text,medium,37.0,0,0,0,96,0
gpt_5.4,e-code-02,markdown,medium,38.0,0,0,0,99,0
gpt_5.4,e-code-02,xml,medium,35.0,0,0,0,93,0
gpt_5.4,e-code-02,json,medium,37.5,0,0,0,80,0
gpt_5.4,e-code-02,yaml,medium,36.5,0,0,0,92,0
gpt_5.4,e-code-02,hybrid,medium,36.5,0,0,0,92,0
gpt_5.4,e-code-02,text,long,36.0,0,0,0,209,0
gpt_5.4,e-code-02,markdown,long,35.0,0,0,0,215,0
gpt_5.4,e-code-02,xml,long,30.5,0,0,0,190,0
gpt_5.4,e-code-02,json,long,37.5,0,0,0,182,0
gpt_5.4,e-code-02,yaml,long,36.5,0,0,0,166,0
gpt_5.4,e-code-02,hybrid,long,37.0,0,0,0,153,0
gpt_5.4,e-code-03,text,short,35.0,0,0,0,198,0
gpt_5.4,e-code-03,markdown,short,36.5,0,0,0,222,0
gpt_5.4,e-code-03,xml,short,36.0,0,0,0,240,0
gpt_5.4,e-code-03,json,short,36.0,0,0,0,187,0
gpt_5.4,e-code-03,yaml,short,34.5,0,0,0,293,0
gpt_5.4,e-code-03,hybrid,short,37.0,0,0,0,205,0
gpt_5.4,e-code-03,text,medium,35.0,0,0,0,194,0
gpt_5.4,e-code-03,markdown,medium,35.5,0,0,0,202,0
gpt_5.4,e-code-03,xml,medium,35.5,0,0,0,197,0
gpt_5.4,e-code-03,json,medium,34.5,0,0,0,181,0
gpt_5.4,e-code-03,yaml,medium,35.5,0,0,0,203,0
gpt_5.4,e-code-03,hybrid,medium,36.5,0,0,0,214,0
gpt_5.4,e-code-03,text,long,35.5,0,0,0,339,0
gpt_5.4,e-code-03,markdown,long,37.0,0,0,0,298,0
gpt_5.4,e-code-03,xml,long,37.0,0,0,0,298,0
gpt_5.4,e-code-03,json,long,38.0,0,0,0,332,0
gpt_5.4,e-code-03,yaml,long,36.0,0,0,0,363,0
gpt_5.4,e-code-03,hybrid,long,36.0,0,0,0,342,0
qwen_397b,e-write-01,markdown,medium,23.0,0,0,0,311,0
gpt_5.4,e-write-01,text,short,36.5,0,0,0,176,0
gpt_5.4,e-write-01,markdown,short,37.0,0,0,0,170,0
gpt_5.4,e-write-01,xml,short,37.0,0,0,0,200,0
gpt_5.4,e-write-01,json,short,37.0,0,0,0,167,0
gpt_5.4,e-write-01,yaml,short,36.5,0,0,0,191,0
gpt_5.4,e-write-01,hybrid,short,36.5,0,0,0,173,0
gpt_5.4,e-write-01,text,medium,35.5,0,0,0,196,0
gpt_5.4,e-write-01,markdown,medium,36.5,0,0,0,191,0
gpt_5.4,e-write-01,xml,medium,35.5,0,0,0,213,0
gpt_5.4,e-write-01,json,medium,37.0,0,0,0,189,0
gpt_5.4,e-write-01,yaml,medium,37.0,0,0,0,184,0
gpt_5.4,e-write-01,hybrid,medium,37.0,0,0,0,174,0
gpt_5.4,e-write-01,text,long,37.0,0,0,0,181,0
gpt_5.4,e-write-01,markdown,long,36.5,0,0,0,206,0
gpt_5.4,e-write-01,xml,long,37.0,0,0,0,183,0
gpt_5.4,e-write-01,json,long,37.0,0,0,0,194,0
gpt_5.4,e-write-01,yaml,long,31.0,0,0,0,323,0
gpt_5.4,e-write-01,hybrid,long,36.5,0,0,0,179,0
qwen_397b,e-write-02,hybrid,medium,18.0,0,0,0,0,0
gpt_5.4,e-write-02,text,short,34.5,0,0,0,165,0
gpt_5.4,e-write-02,markdown,short,36.0,0,0,0,157,0
gpt_5.4,e-write-02,xml,short,35.0,0,0,0,164,0
gpt_5.4,e-write-02,json,short,35.0,0,0,0,157,0
gpt_5.4,e-write-02,yaml,short,36.0,0,0,0,179,0
gpt_5.4,e-write-02,hybrid,short,37.0,0,0,0,154,0
gpt_5.4,e-write-02,text,medium,34.5,0,0,0,224,0
gpt_5.4,e-write-02,markdown,medium,34.5,0,0,0,204,0
gpt_5.4,e-write-02,xml,medium,34.5,0,0,0,222,0
gpt_5.4,e-write-02,json,medium,35.5,0,0,0,198,0
gpt_5.4,e-write-02,yaml,medium,36.0,0,0,0,172,0
gpt_5.4,e-write-02,hybrid,medium,34.5,0,0,0,198,0
gpt_5.4,e-write-02,text,long,36.0,0,0,0,192,0
gpt_5.4,e-write-02,markdown,long,35.5,0,0,0,215,0
gpt_5.4,e-write-02,xml,long,35.5,0,0,0,271,0
gpt_5.4,e-write-02,json,long,35.0,0,0,0,158,0
gpt_5.4,e-write-02,yaml,long,25.0,0,0,0,328,0
gpt_5.4,e-write-02,hybrid,long,36.5,0,0,0,234,0
qwen_397b,e-write-03,json,short,20.0,0,0,0,0,0
qwen_397b,e-write-03,yaml,long,18.5,0,0,0,0,0
gpt_5.4,e-write-03,text,short,35.5,0,0,0,229,0
gpt_5.4,e-write-03,markdown,short,37.0,0,0,0,216,0
gpt_5.4,e-write-03,xml,short,37.0,0,0,0,216,0
gpt_5.4,e-write-03,json,short,36.5,0,0,0,235,0
gpt_5.4,e-write-03,yaml,short,37.0,0,0,0,209,0
gpt_5.4,e-write-03,hybrid,short,36.5,0,0,0,215,0
gpt_5.4,e-write-03,text,medium,37.0,0,0,0,214,0
gpt_5.4,e-write-03,markdown,medium,37.5,0,0,0,217,0
gpt_5.4,e-write-03,xml,medium,36.5,0,0,0,218,0
gpt_5.4,e-write-03,json,medium,37.0,0,0,0,223,0
gpt_5.4,e-write-03,yaml,medium,36.5,0,0,0,217,0
gpt_5.4,e-write-03,hybrid,medium,37.5,0,0,0,221,0
gpt_5.4,e-write-03,text,long,36.5,0,0,0,223,0
gpt_5.4,e-write-03,markdown,long,13.5,0,0,0,95,0
gpt_5.4,e-write-03,xml,long,37.5,0,0,0,209,0
gpt_5.4,e-write-03,json,long,37.0,0,0,0,223,0
gpt_5.4,e-write-03,yaml,long,29.5,0,0,0,362,0
gpt_5.4,e-write-03,hybrid,long,38.0,0,0,0,281,0
gpt_5.4,e-analy-01,text,short,35.5,0,0,0,339,0
gpt_5.4,e-analy-01,markdown,short,35.5,0,0,0,377,0
gpt_5.4,e-analy-01,xml,short,35.5,0,0,0,286,0
gpt_5.4,e-analy-01,json,short,35.5,0,0,0,344,0
gpt_5.4,e-analy-01,yaml,short,35.5,0,0,0,340,0
gpt_5.4,e-analy-01,hybrid,short,35.5,0,0,0,348,0
gpt_5.4,e-analy-01,text,medium,35.5,0,0,0,371,0
gpt_5.4,e-analy-01,markdown,medium,35.5,0,0,0,292,0
gpt_5.4,e-analy-01,xml,medium,35.5,0,0,0,326,0
gpt_5.4,e-analy-01,json,medium,35.5,0,0,0,337,0
gpt_5.4,e-analy-01,yaml,medium,35.0,0,0,0,325,0
gpt_5.4,e-analy-01,hybrid,medium,35.0,0,0,0,286,0
gpt_5.4,e-analy-01,text,long,35.5,0,0,0,422,0
gpt_5.4,e-analy-01,markdown,long,25.5,0,0,0,521,0
gpt_5.4,e-analy-01,xml,long,35.5,0,0,0,338,0
gpt_5.4,e-analy-01,json,long,36.5,0,0,0,390,0
gpt_5.4,e-analy-01,yaml,long,34.5,0,0,0,401,0
gpt_5.4,e-analy-01,hybrid,long,35.5,0,0,0,362,0
gpt_5.4,e-analy-02,text,short,35.5,0,0,0,90,0
gpt_5.4,e-analy-02,markdown,short,35.0,0,0,0,80,0
gpt_5.4,e-analy-02,xml,short,35.5,0,0,0,88,0
gpt_5.4,e-analy-02,json,short,35.5,0,0,0,87,0
gpt_5.4,e-analy-02,yaml,short,35.5,0,0,0,85,0
gpt_5.4,e-analy-02,hybrid,short,35.5,0,0,0,70,0
gpt_5.4,e-analy-02,text,medium,35.5,0,0,0,71,0
gpt_5.4,e-analy-02,markdown,medium,35.0,0,0,0,87,0
gpt_5.4,e-analy-02,xml,medium,35.0,0,0,0,83,0
gpt_5.4,e-analy-02,json,medium,35.5,0,0,0,84,0
gpt_5.4,e-analy-02,yaml,medium,35.5,0,0,0,78,0
gpt_5.4,e-analy-02,hybrid,medium,35.5,0,0,0,77,0
gpt_5.4,e-analy-02,text,long,34.0,0,0,0,159,0
gpt_5.4,e-analy-02,markdown,long,35.5,0,0,0,75,0
gpt_5.4,e-analy-02,xml,long,35.5,0,0,0,77,0
gpt_5.4,e-analy-02,json,long,35.5,0,0,0,72,0
gpt_5.4,e-analy-02,yaml,long,31.5,0,0,0,132,0
gpt_5.4,e-analy-02,hybrid,long,34.5,0,0,0,129,0
gpt_5.4,e-qa-01,text,short,27.0,0,0,0,1314,0
gpt_5.4,e-qa-01,markdown,short,33.5,0,0,0,1527,0
gpt_5.4,e-qa-01,xml,short,33.5,0,0,0,1688,0
gpt_5.4,e-qa-01,json,short,35.0,0,0,0,1315,0
gpt_5.4,e-qa-01,yaml,short,34.5,0,0,0,1016,0
gpt_5.4,e-qa-01,hybrid,short,35.0,0,0,0,1576,0
gpt_5.4,e-qa-01,text,medium,28.0,0,0,0,1212,0
gpt_5.4,e-qa-01,markdown,medium,28.0,0,0,0,976,0
gpt_5.4,e-qa-01,xml,medium,26.5,0,0,0,1398,0
gpt_5.4,e-qa-01,json,medium,30.5,0,0,0,815,0
gpt_5.4,e-qa-01,yaml,medium,29.0,0,0,0,918,0
gpt_5.4,e-qa-01,hybrid,medium,27.5,0,0,0,1576,0
gpt_5.4,e-qa-01,text,long,27.0,0,0,0,631,0
gpt_5.4,e-qa-01,markdown,long,25.0,0,0,0,1170,0
gpt_5.4,e-qa-01,xml,long,25.0,0,0,0,1745,0
gpt_5.4,e-qa-01,json,long,32.5,0,0,0,1050,0
gpt_5.4,e-qa-01,yaml,long,27.75,0,0,0,1089,0
gpt_5.4,e-qa-01,hybrid,long,27.0,0,0,0,1590,0
qwen_397b,e-extract-01,markdown,short,22.5,0,0,0,375,0
qwen_397b,e-extract-01,xml,medium,23.0,0,0,0,362,0
qwen_397b,e-extract-01,xml,long,22.0,0,0,0,0,0
gpt_5.4,e-extract-01,text,short,39.0,0,0,0,23,0
gpt_5.4,e-extract-01,markdown,short,39.0,0,0,0,23,0
gpt_5.4,e-extract-01,xml,short,39.0,0,0,0,21,0
gpt_5.4,e-extract-01,json,short,39.0,0,0,0,21,0
gpt_5.4,e-extract-01,yaml,short,39.0,0,0,0,21,0
gpt_5.4,e-extract-01,hybrid,short,39.0,0,0,0,21,0
gpt_5.4,e-extract-01,text,medium,30.5,0,0,0,250,0
gpt_5.4,e-extract-01,markdown,medium,26.5,0,0,0,197,0
gpt_5.4,e-extract-01,xml,medium,26.5,0,0,0,213,0
gpt_5.4,e-extract-01,json,medium,30.0,0,0,0,186,0
gpt_5.4,e-extract-01,yaml,medium,31.5,0,0,0,292,0
gpt_5.4,e-extract-01,hybrid,medium,30.0,0,0,0,247,0
gpt_5.4,e-extract-01,text,long,30.5,0,0,0,410,0
gpt_5.4,e-extract-01,markdown,long,31.0,0,0,0,364,0
gpt_5.4,e-extract-01,xml,long,30.5,0,0,0,321,0
gpt_5.4,e-extract-01,json,long,29.5,0,0,0,295,0
gpt_5.4,e-extract-01,yaml,long,31.0,0,0,0,329,0
gpt_5.4,e-extract-01,hybrid,long,28.0,0,0,0,224,0
gpt_5.4,e-math-01,text,short,39.0,0,0,0,68,0
gpt_5.4,e-math-01,markdown,short,38.5,0,0,0,68,0
gpt_5.4,e-math-01,xml,short,38.5,0,0,0,61,0
gpt_5.4,e-math-01,json,short,38.5,0,0,0,68,0
gpt_5.4,e-math-01,yaml,short,39.0,0,0,0,58,0
gpt_5.4,e-math-01,hybrid,short,39.0,0,0,0,60,0
gpt_5.4,e-math-01,text,medium,34.5,0,0,0,224,0
gpt_5.4,e-math-01,markdown,medium,34.5,0,0,0,237,0
gpt_5.4,e-math-01,xml,medium,39.5,0,0,0,63,0
gpt_5.4,e-math-01,json,medium,38.0,0,0,0,66,0
gpt_5.4,e-math-01,yaml,medium,38.5,0,0,0,71,0
gpt_5.4,e-math-01,hybrid,medium,39.5,0,0,0,66,0
gpt_5.4,e-math-01,text,long,39.0,0,0,0,61,0
gpt_5.4,e-math-01,markdown,long,31.5,0,0,0,363,0
gpt_5.4,e-math-01,xml,long,39.0,0,0,0,61,0
gpt_5.4,e-math-01,json,long,39.0,0,0,0,60,0
gpt_5.4,e-math-01,yaml,long,31.5,0,0,0,289,0
gpt_5.4,e-math-01,hybrid,long,32.0,0,0,0,397,0
qwen_397b,e-instruct-01,json,long,10.5,0,0,0,0,0
gpt_5.4,e-instruct-01,text,short,39.0,0,0,0,59,0
gpt_5.4,e-instruct-01,markdown,short,39.0,0,0,0,57,0
gpt_5.4,e-instruct-01,xml,short,39.0,0,0,0,61,0
gpt_5.4,e-instruct-01,json,short,38.5,0,0,0,61,0
gpt_5.4,e-instruct-01,yaml,short,39.0,0,0,0,61,0
gpt_5.4,e-instruct-01,hybrid,short,39.0,0,0,0,67,0
gpt_5.4,e-instruct-01,text,medium,38.5,0,0,0,77,0
gpt_5.4,e-instruct-01,markdown,medium,39.0,0,0,0,60,0
gpt_5.4,e-instruct-01,xml,medium,39.0,0,0,0,69,0
gpt_5.4,e-instruct-01,json,medium,39.0,0,0,0,72,0
gpt_5.4,e-instruct-01,yaml,medium,39.0,0,0,0,61,0
gpt_5.4,e-instruct-01,hybrid,medium,38.5,0,0,0,64,0
gpt_5.4,e-instruct-01,text,long,39.0,0,0,0,58,0
gpt_5.4,e-instruct-01,markdown,long,39.0,0,0,0,58,0
gpt_5.4,e-instruct-01,xml,long,39.0,0,0,0,58,0
gpt_5.4,e-instruct-01,json,long,39.0,0,0,0,56,0
gpt_5.4,e-instruct-01,yaml,long,39.0,0,0,0,60,0
gpt_5.4,e-instruct-01,hybrid,long,39.0,0,0,0,61,0
qwen_397b,e-write-01,markdown,long,17.5,0,0,0,0,0
qwen_397b,e-write-03,markdown,short,19.0,0,0,0,0,0
qwen_397b,e-write-03,hybrid,long,15.0,0,0,0,359,0
qwen_397b,e-instruct-01,hybrid,medium,39.0,0,0,0,31,0
qwen_397b,e-instruct-01,text,long,6.0,0,0,0,0,0
qwen_397b,e-instruct-01,xml,long,6.0,0,0,0,0,0
qwen_397b,e-instruct-01,hybrid,long,6.0,0,0,0,0,0
qwen_397b,e-code-03,yaml,long,20.0,0,0,0,0,0
nemotron_120b,e-analy-02,json,short,35.0,0,0,0,126,0
nemotron_120b,e-analy-02,yaml,short,32.5,0,0,0,200,0
nemotron_120b,e-analy-02,hybrid,short,35.5,0,0,0,73,0
nemotron_120b,e-analy-02,text,medium,35.0,0,0,0,77,0
nemotron_120b,e-analy-02,markdown,medium,35.0,0,0,0,90,0
nemotron_120b,e-analy-02,xml,medium,34.0,0,0,0,80,0
nemotron_120b,e-analy-02,json,medium,35.0,0,0,0,97,0
nemotron_120b,e-analy-02,yaml,medium,34.5,0,0,0,130,0
nemotron_120b,e-analy-02,hybrid,medium,34.5,0,0,0,80,0
nemotron_120b,e-analy-02,text,long,32.0,0,0,0,233,0
nemotron_120b,e-analy-02,markdown,long,34.0,0,0,0,125,0
nemotron_120b,e-analy-02,xml,long,35.0,0,0,0,110,0
nemotron_120b,e-analy-02,json,long,34.5,0,0,0,98,0
nemotron_120b,e-analy-02,yaml,long,34.5,0,0,0,192,0
nemotron_120b,e-analy-02,hybrid,long,34.5,0,0,0,96,0
nemotron_120b,e-qa-01,text,short,25.5,0,0,0,1691,0
nemotron_120b,e-qa-01,markdown,short,30.5,0,0,0,2157,0
nemotron_120b,e-qa-01,xml,short,29.0,0,0,0,1649,0
nemotron_120b,e-qa-01,json,short,30.5,0,0,0,1551,0
nemotron_120b,e-qa-01,yaml,short,29.5,0,0,0,1686,0
nemotron_120b,e-qa-01,hybrid,short,30.25,0,0,0,1615,0
nemotron_120b,e-qa-01,text,medium,28.0,0,0,0,997,0
nemotron_120b,e-qa-01,markdown,medium,29.5,0,0,0,1014,0
nemotron_120b,e-qa-01,xml,medium,29.0,0,0,0,826,0
nemotron_120b,e-qa-01,json,medium,30.5,0,0,0,1133,0
nemotron_120b,e-qa-01,yaml,medium,29.0,0,0,0,1455,0
nemotron_120b,e-qa-01,hybrid,medium,30.0,0,0,0,1024,0
nemotron_120b,e-qa-01,text,long,31.5,0,0,0,821,0
nemotron_120b,e-qa-01,markdown,long,27.5,0,0,0,1499,0
nemotron_120b,e-qa-01,xml,long,27.0,0,0,0,1242,0
nemotron_120b,e-qa-01,json,long,29.0,0,0,0,1730,0
nemotron_120b,e-qa-01,yaml,long,29.75,0,0,0,1306,0
nemotron_120b,e-qa-01,hybrid,long,28.5,0,0,0,1111,0
nemotron_120b,e-extract-01,text,short,39.0,0,0,0,21,0
nemotron_120b,e-extract-01,markdown,short,39.0,0,0,0,21,0
nemotron_120b,e-extract-01,xml,short,39.0,0,0,0,21,0
nemotron_120b,e-extract-01,json,short,39.0,0,0,0,21,0
nemotron_120b,e-extract-01,yaml,short,39.0,0,0,0,21,0
nemotron_120b,e-extract-01,hybrid,short,39.0,0,0,0,20,0
nemotron_120b,e-extract-01,text,medium,23.5,0,0,0,379,0
nemotron_120b,e-extract-01,markdown,medium,39.0,0,0,0,21,0
nemotron_120b,e-extract-01,xml,medium,39.0,0,0,0,20,0
nemotron_120b,e-extract-01,json,medium,25.0,0,0,0,278,0
nemotron_120b,e-extract-01,yaml,medium,39.0,0,0,0,21,0
nemotron_120b,e-extract-01,hybrid,medium,24.0,0,0,0,294,0
nemotron_120b,e-extract-01,text,long,25.5,0,0,0,487,0
nemotron_120b,e-extract-01,markdown,long,38.5,0,0,0,21,0
nemotron_120b,e-extract-01,xml,long,23.0,0,0,0,498,0
nemotron_120b,e-extract-01,json,long,39.0,0,0,0,21,0
nemotron_120b,e-extract-01,yaml,long,39.0,0,0,0,21,0
qwen_397b,e-code-03,hybrid,long,35.5,0,0,0,260,0
nemotron_120b,e-extract-01,hybrid,long,39.0,0,0,0,21,0
nemotron_120b,e-math-01,text,short,39.0,0,0,0,75,0
nemotron_120b,e-math-01,markdown,short,37.5,0,0,0,88,0
nemotron_120b,e-math-01,xml,short,38.5,0,0,0,61,0
nemotron_120b,e-math-01,json,short,37.5,0,0,0,124,0
nemotron_120b,e-math-01,yaml,short,38.5,0,0,0,81,0
nemotron_120b,e-math-01,hybrid,short,37.5,0,0,0,89,0
nemotron_120b,e-math-01,text,medium,34.5,0,0,0,252,0
nemotron_120b,e-math-01,markdown,medium,33.0,0,0,0,339,0
nemotron_120b,e-math-01,xml,medium,34.0,0,0,0,311,0
nemotron_120b,e-math-01,json,medium,33.0,0,0,0,214,0
nemotron_120b,e-math-01,yaml,medium,35.5,0,0,0,124,0
nemotron_120b,e-math-01,hybrid,medium,35.5,0,0,0,342,0
nemotron_120b,e-math-01,text,long,36.5,0,0,0,221,0
nemotron_120b,e-math-01,markdown,long,37.5,0,0,0,96,0
nemotron_120b,e-math-01,xml,long,33.5,0,0,0,100,0
nemotron_120b,e-math-01,json,long,38.5,0,0,0,61,0
nemotron_120b,e-math-01,yaml,long,37.5,0,0,0,96,0
nemotron_120b,e-math-01,hybrid,long,28.5,0,0,0,384,0
